{"nodes":{"node:1":{"location":{"x":20,"y":20}},"node:10":{"location":{"x":850,"y":20}},"node:4":{"location":{"x":420,"y":20}},"node:7":{"location":{"x":610,"y":20}}},"selection":null,"view":{"scroll":{"x":-207.021011352539062,"y":-213.63427734375},"visible_rect":{"max":{"x":891.9832763671875,"y":413.892608642578125},"min":{"x":-165.6168212890625,"y":-170.907440185546875}},"zoom":1.24999988079071045}}